City_ID,City,Lat,Lng,Max Temp,Humidity,Cloudiness,Wind Speed,Country,Date
0,qaqortoq,60.7167,-46.0333,-21.04,68,2,4.03,GL,1707009871
1,luderitz,-26.6481,15.1594,18.17,98,34,1.16,,1707009872
2,blackmans bay,-43.0167,147.3167,16.07,91,100,3.71,AU,1707009873
3,puerto natales,-51.7236,-72.4875,8.36,82,100,1.32,CL,1707009873
4,avarua,-21.2078,-159.775,30.03,74,75,3.09,CK,1707009874
5,waitangi,-43.9535,-176.5597,18.23,66,7,3.58,NZ,1707009874
6,pionerskiy,54.9508,20.2275,6.19,86,100,14.86,RU,1707009875
7,vorgashor,67.5833,63.95,-20.68,94,22,2.7,RU,1707009876
8,naze,28.3667,129.4833,20.51,74,98,2.48,JP,1707009877
9,hawaiian paradise park,19.5933,-154.9731,23.82,63,75,6.17,US,1707009877
10,post,33.1909,-101.3782,14.99,25,23,10.64,US,1707009878
11,pisco,-13.7,-76.2167,24.03,78,20,6.69,PE,1707009878
12,bethel,41.3712,-73.414,2.2,61,75,2.06,US,1707009879
13,argo,37.6333,22.7333,7.31,81,0,1.69,GR,1707009880
14,puerto ayora,-0.7393,-90.3518,24.75,99,31,1.34,EC,1707009880
15,kupang,-10.1667,123.5833,28.32,94,100,2.06,ID,1707009881
16,kaa-khem,51.6833,94.7333,-30.33,98,83,1.06,RU,1707009881
17,mahina,-17.5065,-149.489,30.87,62,40,5.14,PF,1707009882
18,tabou,4.423,-7.3528,27.16,83,96,3.04,CI,1707009883
19,tiksi,71.6872,128.8694,-34.24,100,100,2.16,RU,1707009883
20,bellavista,-7.0561,-76.5911,23.31,96,100,0.42,PE,1707009884
21,haiku-pauwela,20.9219,-156.3051,22.32,68,100,7.2,US,1707009884
22,ancud,-41.8697,-73.8203,12.51,73,19,2.1,CL,1707009885
23,nanzhang chengguanzhen,31.7839,111.8275,-1.92,82,100,3.31,CN,1707009886
24,usogorsk,63.4106,48.6872,-7.96,95,97,3.8,RU,1707009887
25,anadyr,64.75,177.4833,-18.72,70,0,2.68,RU,1707009887
26,isafjordur,66.0755,-23.124,-4.71,88,99,5.9,IS,1707009889
27,lipetsk,52.6031,39.5708,0.12,100,100,5.31,RU,1707009889
28,tura,25.5198,90.2201,11.29,38,0,1.32,IN,1707009890
29,nguigmi,14.2495,13.1092,17.4,21,0,6.16,NE,1707009890
30,adamstown,-25.066,-130.1015,25.53,72,100,1.97,PN,1707009892
31,sitka,57.0531,-135.33,4.94,81,100,5.14,US,1707009892
32,udachny,66.4167,112.4,-31.79,82,64,1.46,RU,1707009893
33,grytviken,-54.2811,-36.5092,10.02,78,89,3.06,GS,1707009893
34,dudinka,69.4058,86.1778,-14.07,94,100,5.36,RU,1707009894
35,castillos,-34.1667,-53.8333,21.66,88,0,2.39,UY,1707009895
36,lebyazh'ye,55.2689,66.4947,-4.34,96,100,4.73,RU,1707009895
37,dunedin,-45.8742,170.5036,22.26,37,84,1.72,NZ,1707009896
38,longyearbyen,78.2186,15.6401,-12.09,79,0,3.6,SJ,1707009896
39,edinburgh of the seven seas,-37.0676,-12.3116,16.82,77,41,11.57,SH,1707009897
40,port-aux-francais,-49.35,70.2167,6.82,85,86,7.32,TF,1707009898
41,shingu,33.7333,135.9833,8.04,93,100,1.44,JP,1707009898
42,afaahiti,-17.75,-149.2833,29.93,77,99,4.13,PF,1707009899
43,along,28.1667,94.7667,6.84,85,53,0.75,IN,1707009899
44,thompson,55.7435,-97.8558,0.09,100,100,2.57,CA,1707009900
45,daru,-9.0763,143.2092,30.84,66,41,3.46,PG,1707009901
46,utrik,11.2278,169.8474,26.56,77,94,8.57,MH,1707009901
47,cabedelo,-6.9811,-34.8339,27.37,73,100,5.8,BR,1707009902
48,mahdia,35.5047,11.0622,11.97,82,0,5.11,TN,1707009903
49,susuman,62.7833,148.1667,-28.9,99,94,1.34,RU,1707009904
50,emerald,-23.5333,148.1667,30.19,55,93,6.04,AU,1707009793
51,ushuaia,-54.8,-68.3,9.81,66,0,1.54,AR,1707009843
52,albany,42.6001,-73.9662,-1.26,63,20,1.34,US,1707009721
53,ketchikan,55.3422,-131.6461,2.99,93,100,2.06,US,1707009907
54,pingdingshan,33.7385,113.3012,-3.41,93,100,4.34,CN,1707009907
55,bria,6.5423,21.9863,19.41,25,98,1.83,CF,1707009908
56,olonkinbyen,70.9221,-8.7187,-5.43,59,100,10.91,SJ,1707009909
57,caleta de carquin,-11.0925,-77.6267,23.71,86,97,3.61,PE,1707009910
58,margaret river,-33.95,115.0667,17.59,53,60,6.72,AU,1707009910
59,whitehorse,60.7161,-135.0538,-25.39,55,20,2.06,CA,1707009911
60,hanceville,34.0607,-86.7675,15.67,70,100,4.6,US,1707009912
61,lorengau,-2.0226,147.2712,29.9,71,75,2.84,PG,1707009912
62,sona,45.4388,10.8255,3.75,93,0,1.03,IT,1707009913
63,ta`u,-14.2336,-169.5144,25.78,97,100,6.67,AS,1707009908
64,keflavik,64.0049,-22.5624,-1.76,80,75,4.12,IS,1707009914
65,lihue,21.9789,-159.3672,25.58,57,75,11.32,US,1707009915
66,balykshi,47.0667,51.8667,-3.0,93,100,6.0,KZ,1707009915
67,tadine,-21.55,167.8833,27.0,86,100,6.95,NC,1707009746
68,flying fish cove,-10.4217,105.6791,27.82,78,40,2.06,CX,1707009917
69,kapuskasing,49.4169,-82.4331,-2.95,93,0,1.03,CA,1707009917
70,tari,12.4086,4.4914,20.69,17,6,6.76,NG,1707009918
71,sao jose da coroa grande,-8.8978,-35.1478,26.0,83,79,2.62,BR,1707009919
72,howrah,22.5892,88.3103,17.0,88,0,1.54,IN,1707009920
73,garissa,-0.4536,39.6401,26.3,68,48,3.6,KE,1707009920
74,bilibino,68.0546,166.4372,-28.32,84,18,2.68,RU,1707009921
75,el calafate,-50.3408,-72.2768,10.58,53,100,2.9,AR,1707009922
76,wailua homesteads,22.0669,-159.378,25.24,58,75,11.32,US,1707009922
77,broken hill,-31.95,141.4333,37.15,12,100,5.02,AU,1707009923
78,lazaro cardenas,17.9583,-102.2,24.31,70,0,3.34,MX,1707009923
79,klatovy,49.3955,13.2951,8.14,87,100,6.61,CZ,1707009924
80,acapulco de juarez,16.8634,-99.8901,26.9,69,40,5.66,MX,1707009736
81,miracema do tocantins,-9.5618,-48.3967,23.92,91,100,1.02,BR,1707009925
82,opuwo,-18.0607,13.84,20.42,87,100,1.23,,1707009700
83,foca,38.6703,26.7566,1.91,60,1,1.65,TR,1707009927
84,afif,23.9065,42.9172,10.42,35,26,5.02,SA,1707009927
85,jutai,-5.1833,-68.9,24.15,97,100,0.9,BR,1707009928
86,labrador city,52.9463,-66.9114,-21.57,68,40,0.0,CA,1707009929
87,arraial do cabo,-22.9661,-42.0278,25.18,90,100,6.5,BR,1707009929
88,benton harbor,42.1167,-86.4542,2.36,77,0,3.09,US,1707009712
89,gewane,10.1664,40.6453,25.03,64,33,3.68,ET,1707009931
90,west island,-12.1568,96.8225,24.99,94,100,3.09,CC,1707009931
91,khandyga,62.6667,135.6,-39.76,99,78,0.72,RU,1707009932
92,leua,48.2156,18.6071,9.16,86,100,6.06,SK,1707009933
93,fortuna,40.5982,-124.1573,12.21,72,0,0.0,US,1707009933
94,georgetown,5.4112,100.3354,28.96,83,20,3.6,MY,1707009788
95,al qusiyah,27.4402,30.8184,9.21,42,0,2.82,EG,1707009934
96,happy valley-goose bay,53.3168,-60.3315,-23.83,77,20,2.06,CA,1707009936
97,ilulissat,69.2167,-51.1,-20.99,49,94,5.66,GL,1707009936
98,nuku'alofa,-21.1333,-175.2,30.19,89,75,5.66,TO,1707009937
99,bismarck,46.8083,-100.7837,2.7,98,100,4.12,US,1707009938
100,batticaloa,7.7102,81.6924,25.17,85,100,1.69,LK,1707009938
101,muromtsevo,56.3724,75.2418,-13.3,97,100,2.83,RU,1707009939
102,fale old settlement,-9.3852,-171.2468,28.69,78,100,8.98,TK,1707009940
103,gorom-gorom,14.4439,-0.2361,20.36,16,4,4.65,BF,1707009940
104,papatowai,-46.5619,169.4708,20.05,52,100,6.23,NZ,1707009941
105,jamestown,42.097,-79.2353,-1.1,96,0,3.6,US,1707009664
106,bredasdorp,-34.5322,20.0403,21.03,96,98,3.37,ZA,1707009942
107,sur,22.5667,59.5289,21.74,68,0,2.44,OM,1707009943
108,namibe,-15.1961,12.1522,24.67,87,76,1.64,AO,1707009943
109,black forest,39.0131,-104.7008,-1.06,92,100,6.17,US,1707009944
110,ribeira grande,38.5167,-28.7,17.1,83,10,6.71,PT,1707009945
111,dampit,-8.2116,112.7493,24.55,87,72,1.17,ID,1707009946
112,ornskoldsvik,63.2909,18.7153,0.53,86,100,11.32,SE,1707009946
113,carnarvon,-24.8667,113.6333,24.59,64,5,10.83,AU,1707009947
114,kristiansund,63.1115,7.732,3.36,41,40,13.89,NO,1707009948
115,awjilah,29.1081,21.2869,11.86,49,3,2.76,LY,1707009948
116,yellowknife,62.456,-114.3525,-24.71,77,0,2.57,CA,1707009920
117,starocherkasskaya,47.2408,40.0419,2.52,96,100,10.53,RU,1707009950
118,cova figueira,14.8905,-24.2934,21.7,64,98,3.4,CV,1707009951
119,saipan,15.1355,145.701,29.39,58,40,9.26,MP,1707009951
120,mili,6.0815,171.735,27.95,75,100,9.58,MH,1707009952
121,manokwari,-0.8667,134.0833,28.2,73,11,2.43,ID,1707009952
122,ola,59.5833,151.2833,-17.88,78,93,4.78,RU,1707009953
123,pacific grove,36.6177,-121.9166,11.35,87,100,1.34,US,1707009954
124,invercargill,-46.4,168.35,20.04,53,100,7.56,NZ,1707009954
125,kuta,-8.7233,115.1723,25.97,94,75,3.13,ID,1707009955
126,hamilton,39.1834,-84.5333,5.8,75,0,4.63,US,1707009738
127,saldanha,-33.0117,17.9442,19.03,97,92,4.84,ZA,1707009956
128,codrington,-38.2667,141.9667,26.07,37,0,3.6,AU,1707009957
129,bayji,34.9311,43.487,9.85,50,41,2.62,IQ,1707009957
130,gadebusch,53.7,11.1167,6.61,86,35,7.12,DE,1707009958
131,singkil,-7.9855,111.4161,27.09,80,97,1.93,ID,1707009958
132,bengkulu,-3.8004,102.2655,24.95,85,100,1.97,ID,1707009959
133,tebingtinggi,3.3285,99.1625,24.58,90,95,1.01,ID,1707009959
134,itaituba,-4.2761,-55.9836,25.75,83,61,0.3,BR,1707009665
135,weno,7.4515,151.8468,27.97,89,100,6.69,FM,1707009961
136,mejit,10.2753,170.8646,26.74,75,100,8.83,MH,1707009676
137,ribeira brava,32.65,-17.0667,18.73,55,100,3.98,PT,1707009962
138,port lincoln,-34.7333,135.8667,27.99,43,0,1.74,AU,1707009963
139,iqaluit,63.7506,-68.5145,-25.73,68,0,5.14,CA,1707009964
140,fort st. john,56.2499,-120.8529,-8.06,67,0,4.12,CA,1707009964
141,cuyo,10.8525,121.0086,26.41,86,10,7.53,PH,1707009965
142,port blair,11.6667,92.75,23.02,100,18,0.51,IN,1707009952
143,hermanus,-34.4187,19.2345,23.22,87,31,3.0,ZA,1707009967
144,ixtapa,20.7,-105.2,24.57,57,20,3.09,MX,1707009967
145,san patricio,28.017,-97.5169,18.24,53,2,1.7,US,1707009968
146,barra de santo antonio,-9.4047,-35.5072,26.6,84,84,2.46,BR,1707009969
147,lieto,60.5103,22.4618,1.21,73,0,7.2,FI,1707009970
148,port alfred,-33.5906,26.891,23.6,93,100,4.45,ZA,1707009970
149,santo antonio do ica,-3.1022,-67.9397,24.53,96,98,0.65,BR,1707009971
150,bodo,67.28,14.405,1.02,93,100,8.23,NO,1707009972
151,nurmes,63.5421,29.1397,-10.25,96,73,2.15,FI,1707009973
152,holualoa,19.6228,-155.9522,24.32,79,100,3.6,US,1707009973
153,sidi slimane,34.2648,-5.926,11.91,58,100,2.16,MA,1707009974
154,myeik,12.4333,98.6,24.92,76,5,1.54,MM,1707009974
155,iskateley,67.6803,53.1512,-13.32,84,15,7.15,RU,1707009975
156,malibu,34.005,-118.8101,14.98,66,100,1.6,US,1707009977
157,bairnsdale,-37.8333,147.6167,30.79,31,0,1.99,AU,1707009978
158,enewetak,11.3474,162.3373,26.5,82,55,10.29,MH,1707009978
159,tralee,52.2704,-9.7026,11.39,97,100,5.14,IE,1707009979
160,atafu village,-8.5421,-172.5159,29.15,75,100,8.88,TK,1707009980
161,nemuro,43.3236,145.575,-3.52,62,16,5.21,JP,1707009878
162,westport,41.1415,-73.3579,3.19,53,0,5.14,US,1707009981
163,machico,32.7,-16.7667,18.73,76,40,3.09,PT,1707009982
164,portland,45.5234,-122.6762,11.48,65,42,0.89,US,1707009702
165,punta arenas,-53.15,-70.9167,11.06,62,0,3.6,CL,1707009729
166,vila franca do campo,37.7167,-25.4333,18.27,99,72,3.84,PT,1707009984
167,crane,31.3974,-102.3501,14.02,24,2,13.66,US,1707009985
168,porto novo,6.4965,2.6036,27.9,61,100,1.12,BJ,1707009985
169,queenstown,-31.8976,26.8753,18.59,79,55,0.36,ZA,1707009986
170,prince rupert,54.3161,-130.3201,3.83,65,0,5.14,CA,1707009987
171,tot'ma,59.9747,42.7642,-14.63,98,98,2.52,RU,1707009987
172,rehli,23.6333,79.0833,17.7,50,3,1.62,IN,1707009988
173,sosnogorsk,63.6023,53.8817,-13.08,91,100,4.41,RU,1707009989
174,san antonio de pale,-1.4014,5.6325,27.84,74,100,2.21,GQ,1707009989
175,port elizabeth,-33.918,25.5701,22.4,94,0,3.09,ZA,1707009990
176,kodiak,57.79,-152.4072,-0.27,86,100,2.57,US,1707009990
177,guerrero negro,27.9769,-114.0611,15.87,62,0,6.37,MX,1707009991
178,baoro,5.6667,15.9667,19.66,29,81,2.11,CF,1707009992
179,stanley,54.868,-1.6985,6.82,75,40,5.14,GB,1707009993
180,kramfors,62.9316,17.7765,2.89,65,40,9.26,SE,1707009994
181,levuka,50.1834,-105.4011,1.84,71,97,1.75,CA,1707009994
182,las lajitas,-24.6833,-64.25,28.86,37,8,2.48,AR,1707009995
183,lafayette,30.2335,-92.0668,14.01,94,100,3.6,US,1707009995
184,thurso,58.5927,-3.5259,7.14,88,100,14.37,GB,1707009996
185,hailar,49.2,119.7,-31.36,99,79,1.56,CN,1707009997
186,laguna,38.421,-121.4238,12.47,72,20,2.57,US,1707009997
187,bryne,58.7354,5.6477,4.99,93,100,4.63,NO,1707009998
188,saint joseph,39.7686,-94.8466,10.7,82,100,7.61,US,1707009998
189,kavaratti,10.5669,72.642,26.48,70,13,1.65,IN,1707009999
190,minas de marcona,-15.2119,-75.1103,19.13,83,100,4.18,PE,1707010000
191,newman,37.3138,-121.0208,12.94,73,100,0.45,US,1707010000
192,cabo san lucas,22.8909,-109.9124,22.51,62,0,3.09,MX,1707009307
193,lerwick,60.1545,-1.1494,7.0,79,100,14.0,GB,1707010001
194,illizi,26.4833,8.4667,7.89,33,0,2.68,DZ,1707010002
195,port douglas,-16.4833,145.4667,29.72,74,100,2.32,AU,1707009887
196,damara,4.9608,18.7035,23.79,28,100,1.49,CF,1707010003
197,pak phanang,8.3511,100.202,24.01,80,63,1.64,TH,1707010004
198,mount gambier,-37.8333,140.7667,28.86,26,1,1.6,AU,1707010005
199,polyarnyy,69.1989,33.4478,-6.08,84,100,10.83,RU,1707010005
200,klyuchi,52.2667,79.1667,-8.66,83,86,4.97,RU,1707010006
201,bel ombre,-4.6167,55.4167,27.91,78,20,4.63,SC,1707010006
202,klaksvik,62.2266,-6.589,2.51,72,99,13.15,FO,1707010007
203,prieska,-29.6641,22.7474,24.83,37,25,1.29,ZA,1707010008
204,albertina,-22.2008,-46.6158,18.93,82,100,1.83,BR,1707010008
205,trinidad,-14.8333,-64.9,26.3,73,36,0.97,BO,1707010009
206,motygino,58.1831,94.7592,-22.9,100,100,1.34,RU,1707010010
207,pocatello,42.8713,-112.4455,2.32,81,100,6.26,US,1707010010
208,santa elena de uairen,4.6167,-61.1333,24.3,45,49,0.67,VE,1707010011
209,lesnoy,57.6198,63.0784,-12.52,95,100,2.8,RU,1707010012
210,ponta delgada,37.7333,-25.6667,18.44,77,20,4.12,PT,1707010012
211,atasu,48.6814,71.6433,-7.6,93,100,6.36,KZ,1707010013
212,saint-francois,46.4154,3.9054,3.71,100,100,1.54,FR,1707010014
213,kuruman,-27.4524,23.4325,21.73,48,29,2.76,ZA,1707010015
214,novodvinsk,64.4165,40.8122,-7.14,96,96,4.04,RU,1707010015
215,muang phonsavan,19.45,103.2167,18.14,64,0,0.6,LA,1707010016
216,puerto lempira,15.2667,-83.7667,24.27,84,6,6.02,HN,1707010016
217,namsos,64.4662,11.4957,2.95,60,75,10.29,NO,1707010017
218,hau-ri,41.2006,129.4703,-3.55,79,24,0.66,KP,1707010018
219,kayangel,8.0823,134.7173,27.39,80,100,9.58,PW,1707010018
220,elverum,60.8819,11.5623,-1.54,61,0,6.63,NO,1707010019
221,tolanaro,-25.0319,46.9987,24.04,83,20,9.26,MG,1707010019
222,puerto baquerizo moreno,-0.9,-89.6,25.67,87,24,4.66,EC,1707010021
223,walvis bay,-22.9575,14.5053,19.53,88,100,0.0,,1707010021
224,broome,42.2506,-75.833,-0.72,85,75,2.57,US,1707010023
225,yuzhno-kurilsk,44.0306,145.8556,-4.24,71,82,7.97,RU,1707010023
226,salina,38.8403,-97.6114,11.28,94,100,4.63,US,1707010024
227,port isabel,26.0734,-97.2086,19.04,83,0,4.47,US,1707010025
228,swakopmund,-22.6833,14.5333,19.47,91,100,0.45,,1707010025
229,karbala,32.616,44.0249,12.8,47,100,2.77,IQ,1707009945
230,kushiro,42.975,144.3747,-4.47,63,20,2.06,JP,1707010026
231,huaicheng,23.9051,112.1931,15.86,97,100,0.85,CN,1707010027
232,antofagasta,-23.65,-70.4,21.6,79,2,0.91,CL,1707010028
233,ciudad lazaro cardenas,17.9583,-102.2,24.31,70,0,3.34,MX,1707009923
234,petropavlovsk-kamchatsky,53.0452,158.6483,-14.67,51,40,1.0,RU,1707010029
235,freeport,40.6576,-73.5832,4.45,53,0,7.2,US,1707010030
236,prishibinskoye,39.1196,48.5936,0.88,59,15,1.61,AZ,1707010030
237,santa maria da vitoria,-13.3947,-44.1886,22.07,55,99,0.91,BR,1707009945
238,constantia,44.1833,28.65,4.38,78,100,6.63,RO,1707009846
239,fisterra,42.9049,-9.2629,10.01,69,5,2.12,ES,1707010032
240,zeya,53.75,127.2667,-24.73,90,5,0.35,RU,1707010033
241,kharp,66.8014,65.8081,-21.54,100,96,1.06,RU,1707010033
242,aur,8.1499,171.1687,27.16,78,100,9.33,MH,1707010034
243,princeville,45.7668,-61.2985,-1.33,96,100,4.63,CA,1707010035
244,acarau,-2.8856,-40.12,26.9,83,100,6.02,BR,1707009871
245,kapa'a,22.0752,-159.319,25.99,57,75,11.32,US,1707010036
246,muravlenko,63.7898,74.523,-22.65,100,100,2.25,RU,1707010036
247,qianzhou,28.3167,109.7167,-1.37,95,100,0.74,CN,1707010038
248,katsuura,35.1333,140.3,7.14,92,100,6.08,JP,1707010039
249,lebu,-37.6167,-73.65,14.57,81,0,9.42,CL,1707010039
250,touros,-5.1989,-35.4608,27.23,76,5,6.25,BR,1707010040
251,jiaojiang,28.6803,121.4428,8.89,83,100,2.14,CN,1707010041
252,hassi messaoud,31.6804,6.0729,9.92,62,0,2.06,DZ,1707010041
253,yulinshi,38.2906,109.7494,-3.45,93,100,3.76,CN,1707010042
254,boende,-0.2167,20.8667,24.78,71,100,0.51,CD,1707010043
255,idri,27.5,13.2667,9.7,41,0,3.25,LY,1707010044
256,vilyuchinsk,52.9306,158.4028,-13.85,74,28,3.98,RU,1707010045
257,aswan,24.0934,32.907,10.95,39,0,4.29,EG,1707010045
258,akureyri,65.6835,-18.0878,-6.04,93,100,1.03,IS,1707010046
259,sangmelima,2.9333,11.9833,19.57,51,98,0.82,CM,1707010047
260,el obeid,13.1842,30.2167,15.28,21,17,4.99,SD,1707010048
261,st. john's,47.5649,-52.7093,-0.68,90,100,8.49,CA,1707009995
262,kingston,17.997,-76.7936,25.53,73,20,1.54,JM,1707010049
263,mar del plata,-38.0023,-57.5575,19.97,67,40,6.26,AR,1707010050
264,novyy urengoy,66.0833,76.6333,-16.46,97,100,1.65,RU,1707010050
265,gadzhiyevo,69.2551,33.3362,-6.38,85,100,10.7,RU,1707010051
266,revda,56.801,59.9303,-11.01,96,100,2.04,RU,1707010052
267,rikaze,29.25,88.8833,-4.57,15,0,1.07,CN,1707010053
268,saint-leu,-21.15,55.2833,22.46,70,79,4.34,RE,1707010053
269,qamdo,31.1667,97.2333,-12.42,56,100,2.55,CN,1707010054
270,ciudad sabinas hidalgo,26.5,-100.1667,21.87,18,0,3.44,MX,1707010055
271,east ballina,-28.8667,153.5833,30.44,71,53,4.51,AU,1707010055
272,stephenville,32.2207,-98.2023,13.07,44,0,0.0,US,1707010056
273,warri,5.5167,5.75,25.28,83,18,0.67,NG,1707010057
274,ouesso,1.6136,16.0517,24.81,47,100,1.11,CG,1707010057
275,la passe,45.5549,-0.8967,7.77,93,14,2.9,FR,1707010058
276,beledweyne,4.7358,45.2036,24.55,64,50,5.71,SO,1707010058
277,vanimo,-2.6741,141.3028,30.39,65,38,1.73,PG,1707010059
278,bandarbeyla,9.4942,50.8122,24.53,78,49,6.72,SO,1707009927
279,la sarre,48.8002,-79.1996,-9.38,98,36,1.21,CA,1707010023
280,tobelo,1.7284,128.0095,27.87,75,47,2.56,ID,1707010062
281,chulym,55.0997,80.9572,-6.77,95,100,4.74,RU,1707010062
282,port mathurin,-19.6833,63.4167,26.45,63,19,5.71,MU,1707010063
283,inarajan village,13.2736,144.7484,28.54,82,50,11.31,GU,1707010064
284,geraldton,-28.7667,114.6,24.23,53,0,10.29,AU,1707010065
285,badger,64.8,-147.5333,-34.45,71,0,0.0,US,1707010066
286,vadso,70.0744,29.7487,-2.91,86,100,5.14,NO,1707010066
287,taltal,-25.4,-70.4833,20.12,85,22,1.35,CL,1707010067
288,malabar,-33.9667,151.25,34.31,59,0,3.6,AU,1707010068
289,khairpur tamewah,29.5811,72.2364,12.01,68,30,4.71,PK,1707010069
290,tomigusuku,26.185,127.675,24.3,83,75,1.03,JP,1707010069
291,palembang,-2.9167,104.7458,25.05,94,20,1.03,ID,1707010060
292,demba,-5.51,22.2667,21.63,92,100,0.64,CD,1707010071
293,aripuana,-9.1667,-60.6333,23.2,99,100,0.9,BR,1707010071
294,talcahuano,-36.7167,-73.1167,17.82,63,0,6.17,CL,1707010072
295,loralai,30.3705,68.598,5.46,83,75,0.75,PK,1707010073
296,north bondi,-33.8824,151.2769,34.4,60,0,3.6,AU,1707010073
297,nikki,9.9401,3.2108,23.22,15,23,3.03,BJ,1707010074
298,huainan,32.6264,116.9969,-2.07,97,100,4.23,CN,1707010075
299,port moresby,-9.4431,147.1797,31.68,62,40,4.12,PG,1707010075
300,shyshaky,49.8817,34.0112,3.8,86,100,7.24,UA,1707010076
301,ust-nera,64.5667,143.2,-22.88,97,100,2.18,RU,1707010076
302,nabire,-3.3667,135.4833,29.69,69,64,1.17,ID,1707010077
303,hisar,29.1667,75.7167,12.6,73,100,1.22,IN,1707010078
304,bitam,2.076,11.5007,21.39,94,100,0.21,GA,1707010078
305,callao,-12.0667,-77.15,27.07,78,40,6.69,PE,1707010079
306,shortandy,51.7006,70.9994,-3.28,95,100,7.84,KZ,1707010080
307,suntar,62.1444,117.6319,-26.97,96,100,1.83,RU,1707010080
308,hotan,37.0997,79.9269,-4.85,81,100,1.76,CN,1707010081
309,okakarara,-20.5833,17.4333,21.19,73,98,3.29,,1707010082
310,kintinku,-5.8833,35.2333,19.76,97,100,1.6,TZ,1707010083
311,darwin,-12.4611,130.8418,32.16,77,40,7.2,AU,1707009605
312,kyaikkami,16.08,97.5675,23.52,67,10,3.08,MM,1707010084
313,gadani,25.1185,66.7299,19.12,87,100,6.62,PK,1707010084
314,tsetserleg,47.475,101.4542,-13.5,89,100,0.99,MN,1707010085
315,saint-pierre,-21.3393,55.4781,20.82,73,0,3.6,RE,1707010086
316,oyotun,-6.8519,-79.3036,25.55,80,100,1.78,PE,1707010086
317,amet,25.3,73.9333,17.11,60,96,2.4,IN,1707010087
318,east london,-33.0153,27.9116,24.57,88,95,3.72,ZA,1707010087
319,tazovsky,67.4667,78.7,-14.68,94,100,2.1,RU,1707010088
320,krasnyy yar,46.5331,48.3456,0.96,82,100,6.75,RU,1707010089
321,vila velha,-20.3297,-40.2925,25.97,93,75,1.54,BR,1707010089
322,mvurwi,-17.0333,30.85,15.53,96,67,1.59,ZW,1707010090
323,rybinsk,58.0446,38.8426,-6.49,95,100,4.02,RU,1707010090
324,bubaque,11.2833,-15.8333,25.93,78,0,3.83,GW,1707010091
325,aasiaat,68.7098,-52.8699,-31.59,94,31,2.15,GL,1707010092
326,kailua-kona,19.6406,-155.9956,26.95,79,100,3.6,US,1707010092
327,igarka,67.4667,86.5833,-13.36,96,100,3.76,RU,1707010093
328,forde,61.4522,5.8572,4.41,93,100,5.66,NO,1707010094
329,yanbu,24.0891,38.0637,11.02,62,0,0.0,SA,1707010094
330,nieuw amsterdam,5.8833,-55.0833,26.09,88,15,4.64,SR,1707010095
331,baoding,38.8511,115.4903,-1.69,46,100,1.18,CN,1707010095
332,canico,32.6333,-16.85,18.73,74,40,3.09,PT,1707010096
333,tver,56.8619,35.8931,-1.51,98,100,4.02,RU,1707010097
334,yermakovskoye,53.2831,92.4003,-22.49,99,83,1.13,RU,1707010097
335,bridgewater,44.3835,-64.5155,-3.18,85,100,11.32,CA,1707010016
336,kirensk,57.7853,108.1119,-31.69,100,73,0.45,RU,1707010099
337,nanlong,31.3533,106.0631,5.13,85,100,1.86,CN,1707010099
338,osa,57.2829,55.4567,-10.99,97,100,1.91,RU,1707010100
339,harstad,68.799,16.5293,-1.03,96,100,18.33,NO,1707010101
340,dimona,31.0667,35.0333,8.03,51,0,2.62,IL,1707010101
341,novaya lyalya,59.055,60.599,-13.58,96,100,2.72,RU,1707010102
342,i-n-salah,27.1935,2.4607,12.28,49,0,6.77,DZ,1707010103
343,saint-philippe,-21.3585,55.7679,20.77,73,91,3.89,RE,1707010103
344,mahibadhoo,3.7833,72.9667,27.91,76,100,5.64,MV,1707010104
345,ulladulla,-35.35,150.4667,34.32,41,98,4.66,AU,1707010104
346,moab,38.5733,-109.5498,6.38,59,29,2.69,US,1707009966
347,rabigh,22.7986,39.0349,18.97,45,100,4.51,SA,1707010108
348,sandwich,41.6459,-88.6217,1.23,87,0,4.63,US,1707010108
349,namtsy,62.7161,129.6658,-40.78,99,63,0.41,RU,1707010109
350,vega de alatorre,20.0333,-96.6333,23.51,72,0,4.24,MX,1707010110
351,tanjungtiram,4.0613,98.3699,24.57,88,91,0.97,ID,1707009974
352,gisborne,-38.6533,178.0042,20.07,46,0,3.57,NZ,1707010112
353,sassandra,4.95,-6.0833,26.57,85,100,2.69,CI,1707010112
354,laojunmiao,39.8333,97.7333,-9.82,46,2,2.4,CN,1707010113
355,grand falls-windsor,48.9332,-55.6649,-4.16,90,100,3.58,CA,1707010003
356,lannemezan,43.1252,0.384,3.05,78,39,1.59,FR,1707010115
357,remire-montjoly,4.9167,-52.2667,27.02,94,20,2.06,GF,1707010116
358,cockburn town,21.4612,-71.1419,22.98,56,20,1.54,TC,1707009908
359,mbandaka,0.0487,18.2603,22.73,88,100,0.72,CD,1707010119
360,maceio,-9.6658,-35.7353,26.69,94,75,3.09,BR,1707010120
361,lompoc,34.6391,-120.4579,13.21,77,100,4.12,US,1707010017
362,lata,40.1629,-8.3327,8.29,82,2,1.46,PT,1707010122
363,phan rang-thap cham,11.5667,108.9833,25.55,65,12,2.3,VN,1707010123
364,qandala,11.472,49.8728,23.46,74,86,1.67,SO,1707010125
365,krasnyy chikoy,50.3643,108.7512,-22.33,99,100,0.89,RU,1707010126
366,arawa,-6.2132,155.5367,32.23,62,31,1.17,PG,1707010127
367,alik ghund,30.4896,67.5226,-1.48,79,10,0.52,PK,1707009857
368,coquimbo,-29.9533,-71.3436,19.85,77,0,2.06,CL,1707010128
369,san juan de miraflores,-12.1629,-76.9635,26.21,74,91,3.1,PE,1707010129
370,dubbo,-32.25,148.6167,36.07,34,94,8.23,AU,1707010130
371,mezhdurechenskiy,59.6,65.9333,-17.49,96,100,3.75,RU,1707009978
372,malango,-2.9627,119.9001,22.91,89,100,0.58,ID,1707010132
373,college,64.8569,-147.8028,-34.4,69,20,0.0,US,1707010133
374,necochea,-38.5473,-58.7368,18.29,52,100,8.27,AR,1707010134
375,dhi as sufal,13.8345,44.1147,15.26,88,32,0.27,YE,1707010136
376,mgandu,-5.95,34.1333,16.12,94,63,1.24,TZ,1707010137
377,gur'yevsk,54.2833,85.9333,-5.92,90,100,6.19,RU,1707010139
378,grajau,-5.8194,-46.1386,23.26,94,100,0.59,BR,1707010142
379,vilyuysk,63.7553,121.6247,-27.78,98,100,2.24,RU,1707010146
380,sankeshwar,16.2667,74.4833,16.8,44,48,2.33,IN,1707010147
381,taro,-8.3862,115.28,22.0,92,100,1.04,ID,1707010151
382,kamensk-ural'skiy,56.4185,61.9329,-9.5,96,100,1.09,RU,1707010152
383,vratimov,49.77,18.3102,8.8,87,20,8.75,CZ,1707010152
384,deoranian,28.6333,79.4833,13.55,71,100,4.92,IN,1707010153
385,pestretsy,55.7531,49.6545,-7.92,100,96,1.67,RU,1707010154
386,barranca,-10.75,-77.7667,23.61,84,100,2.42,PE,1707010154
387,mansa,29.9833,75.3833,12.87,88,100,0.36,IN,1707010155
388,sibolga,1.7427,98.7792,25.33,85,86,1.22,ID,1707010156
389,conception bay south,47.4999,-52.9981,-0.81,90,100,7.85,CA,1707010157
390,nova sintra,14.8667,-24.7167,21.47,69,100,4.07,CV,1707010157
391,mumford,5.2618,-0.759,25.77,92,8,2.5,GH,1707010158
392,kotabumi,-4.8333,104.9,24.9,91,99,1.45,ID,1707010159
393,dryden,49.7833,-92.7503,2.16,64,20,2.06,CA,1707010159
394,juegang,32.3174,121.1855,4.86,91,100,5.29,CN,1707010160
395,manismata,-2.4667,111.0333,24.55,94,100,1.21,ID,1707010160
396,antonio enes,-16.2325,39.9086,25.45,89,53,2.09,MZ,1707010161
397,brookings,44.3114,-96.7984,1.77,98,100,4.12,US,1707010162
398,tromso,69.6496,18.957,-1.99,86,75,2.06,NO,1707010162
399,sulak,43.2734,47.5146,3.96,90,100,2.82,RU,1707010163
400,mumbai,19.0144,72.8479,25.99,47,5,2.06,IN,1707009983
401,luga,58.7372,29.8453,-0.78,91,100,2.91,RU,1707010027
402,pedernales,18.0384,-71.744,24.16,80,2,0.26,DO,1707010165
403,christchurch,-43.5333,172.6333,27.96,40,6,6.17,NZ,1707010092
404,axim,4.8699,-2.2405,25.98,94,81,0.83,GH,1707010166
405,vytegra,61.0064,36.4481,-6.47,90,100,3.13,RU,1707010167
406,mashava,-20.0367,30.4823,16.88,79,6,1.32,ZW,1707010167
407,tecolotlan,20.2167,-104.05,21.06,25,3,2.43,MX,1707010168
408,cranbrook,49.4999,-115.7688,2.91,93,100,1.03,CA,1707010169
409,rawson,-43.3002,-65.1023,15.32,45,42,7.19,AR,1707010169
410,greymouth,-42.4667,171.2,16.42,65,96,2.47,NZ,1707010170
411,severo-vostotchnyi bank,39.4112,49.2479,6.15,74,12,2.42,AZ,1707010170
412,hithadhoo,-0.6,73.0833,27.61,75,96,1.78,MV,1707010036
413,clear lake,43.138,-93.3794,0.92,79,100,2.06,US,1707010172
414,ivdel',60.6911,60.4206,-12.67,96,100,2.24,RU,1707010172
415,ghat,24.9647,10.1728,9.19,30,0,1.74,LY,1707010173
416,marcali,46.585,17.412,1.93,81,100,2.18,HU,1707010173
417,ad dabbah,18.05,30.95,13.92,28,10,4.69,SD,1707010174
418,richards bay,-28.783,32.0377,22.69,81,80,4.18,ZA,1707010075
419,hachinohe,40.5,141.5,2.25,52,14,5.32,JP,1707010175
420,maruoka,36.1534,136.2703,6.94,69,17,4.09,JP,1707010176
421,kimbe,-5.5502,150.1429,31.29,65,24,2.76,PG,1707010177
422,paita,-5.0892,-81.1144,24.78,79,100,5.3,PE,1707010177
423,chibougamau,49.9168,-74.3659,-12.21,92,0,1.03,CA,1707010178
424,bernalda,40.4128,16.692,9.31,73,7,3.6,IT,1707010178
425,sola,-13.8833,167.55,28.31,81,100,9.16,VU,1707010179
426,peto,20.1333,-88.9167,24.8,71,50,2.97,MX,1707010180
427,diu,20.7141,70.9822,22.4,52,5,3.46,IN,1707010180
428,juneau,58.3019,-134.4197,-0.5,100,100,1.54,US,1707009990
429,lamu,-2.2717,40.902,26.3,80,18,5.44,KE,1707010182
430,conde,-7.2597,-34.9075,26.7,78,0,3.09,BR,1707010182
431,vodnyy,63.5046,53.4095,-13.23,93,100,4.22,RU,1707010183
432,armacao de buzios,-22.7469,-41.8817,27.03,92,100,5.52,BR,1707010183
433,piti village,13.4626,144.6933,28.49,77,40,9.77,GU,1707010184
434,bantogon,6.5333,124.0333,28.48,72,20,2.1,PH,1707010185
435,kajaani,64.2273,27.7285,-2.97,74,0,5.66,FI,1707010185
436,qarazhal,48.0078,70.7903,-7.27,85,100,5.67,KZ,1707010186
437,theniet el had,35.8711,2.0281,5.07,66,0,1.96,DZ,1707010186
438,sutherlin,43.3901,-123.3126,8.68,70,14,1.24,US,1707010187
439,piacabucu,-10.4056,-36.4344,26.03,81,18,3.06,BR,1707010188
440,kismayo,-0.3582,42.5454,26.85,82,36,5.97,SO,1707010188
441,khorixas,-20.3667,14.9667,21.93,80,100,2.3,,1707010189
442,kyzyl-suu,42.3414,78.0056,-8.0,55,76,3.79,KG,1707010190
443,macapa,0.0389,-51.0664,26.99,89,0,3.6,BR,1707010190
444,xilin hot,43.9667,116.0333,-22.63,89,94,2.06,CN,1707010149
445,saint-joseph,-21.3667,55.6167,20.21,73,72,4.27,RE,1707010191
446,francisco sa,-16.4758,-43.4883,22.08,69,89,2.6,BR,1707010192
447,komsomol'skiy,43.9783,46.6985,-0.08,93,100,3.01,RU,1707010193
448,labytnangi,66.6572,66.4183,-24.55,100,100,0.98,RU,1707010193
449,sumenep,-7.0167,113.8667,27.55,80,100,2.62,ID,1707010194
450,vieste,41.8825,16.175,13.09,48,38,0.8,IT,1707010195
451,hilo,19.7297,-155.09,23.94,63,75,6.17,US,1707010174
452,hasaki,35.7333,140.8333,6.27,89,100,4.91,JP,1707010196
453,malvan,16.0667,73.4667,22.52,61,88,2.44,IN,1707010197
454,alofi,-19.0595,-169.9187,30.94,70,98,5.14,NU,1707010197
455,aykhal,66.0,111.5,-27.96,78,29,1.46,RU,1707010045
456,jertih,5.7336,102.4897,24.34,80,37,1.08,MY,1707010199
457,paka,4.6374,103.4368,25.96,83,20,0.51,MY,1707010200
458,mhamid,29.82,-5.72,10.45,32,7,3.03,MA,1707010203
459,karratha,-20.7377,116.8463,30.82,55,94,8.05,AU,1707010204
460,plastun,44.7561,136.2939,-9.43,51,0,4.4,RU,1707010206
461,kerikeri,-35.2268,173.9474,23.69,40,0,3.16,NZ,1707010207
462,nar'yan-mar,67.6713,53.087,-13.27,84,17,7.15,RU,1707010207
463,baswa,27.15,76.5833,16.06,69,100,1.89,IN,1707010208
464,ndelele,4.0333,14.9333,20.21,38,58,0.97,CM,1707010209
465,borogontsy,62.6683,131.1683,-35.67,97,62,0.45,RU,1707010210
466,warrenton,-28.114,24.8475,21.39,52,8,2.5,ZA,1707010210
467,tsagan aman,47.5639,46.7218,0.39,89,97,8.51,RU,1707010211
468,margate,51.3813,1.3862,11.6,87,100,3.58,GB,1707010185
469,tshikapa,-6.4167,20.8,21.5,88,95,0.77,CD,1707010081
470,tamanrasset,22.785,5.5228,5.95,22,0,2.57,DZ,1707010213
471,khanty-mansiysk,61.0042,69.0019,-25.94,76,20,1.0,RU,1707010213
472,ampanihy,-24.7,44.75,23.72,70,72,2.46,MG,1707010214
473,alice springs,-23.7,133.8833,33.75,22,100,4.63,AU,1707010206
474,siyabuswa,-25.1132,29.0445,20.54,71,29,3.32,ZA,1707010216
475,colonia,50.9333,6.95,10.59,91,100,3.6,DE,1707010151
476,lincheng,19.9078,109.6858,23.11,82,25,0.25,CN,1707010227
477,magadan,59.5667,150.8,-17.27,73,91,3.92,RU,1707010228
478,salinopolis,-0.6136,-47.3561,26.52,85,46,4.33,BR,1707010236
479,la cruz,23.9167,-106.9,18.44,67,0,4.11,MX,1707010238
480,vung tau,10.346,107.0843,26.41,73,5,3.6,VN,1707010239
481,chulakkurgan,43.765,69.1814,-3.02,79,100,7.32,KZ,1707010240
482,sinabang,2.4803,96.3801,27.13,76,87,1.21,ID,1707010241
483,racale,39.9631,18.0938,11.25,73,0,1.67,IT,1707010242
484,nizhneudinsk,54.9076,99.0276,-17.69,97,93,1.1,RU,1707010243
485,ranot,7.7777,100.3213,27.36,70,67,2.57,TH,1707010244
486,port augusta,-32.5,137.7667,39.7,11,95,7.04,AU,1707010244
487,sandnessjoen,66.0217,12.6316,0.29,85,100,14.68,NO,1707010166
488,sisimiut,66.9395,-53.6735,-20.95,86,76,4.14,GL,1707010246
489,vorkuta,67.5,64.0,-22.1,97,18,1.96,RU,1707010247
490,dauphin,51.1494,-100.0502,2.08,93,100,1.54,CA,1707010055
491,juquitiba,-23.9317,-47.0683,25.2,95,100,1.01,BR,1707010248
492,kidal,18.4411,1.4078,15.21,13,2,5.55,ML,1707010250
493,key largo,25.0865,-80.4473,22.22,60,2,3.51,US,1707009994
494,indre arna,60.4247,5.4764,4.12,99,100,2.57,NO,1707010253
495,kapit,2.0167,112.9333,23.84,100,100,0.19,MY,1707010254
496,kruisfontein,-34.0033,24.7314,21.05,91,99,4.28,ZA,1707010255
497,port saint john's,-31.6229,29.5448,22.08,83,11,2.74,ZA,1707010163
498,kirakira,-10.4544,161.9205,30.46,70,82,5.94,SB,1707010257
499,boa vista,2.8197,-60.6733,31.99,40,0,5.14,BR,1707010258
500,parras de la fuente,25.4167,-102.1833,14.42,15,0,2.39,MX,1707010259
501,burao,9.5221,45.5336,16.88,90,34,3.17,SO,1707010260
502,mendi,-6.1761,143.6513,21.12,63,100,2.19,PG,1707010261
503,punta del este,-34.9667,-54.95,27.06,65,40,3.09,UY,1707010202
504,talnakh,69.4865,88.3972,-14.33,96,100,3.88,RU,1707010262
505,tambopata,-12.7333,-69.1833,24.25,85,1,0.67,PE,1707010262
506,stilfontein,-26.8449,26.7683,16.49,71,51,1.94,ZA,1707010263
507,gaomi,36.3833,119.7528,-0.13,44,100,4.37,CN,1707010264
508,ambovombe,-25.1667,46.0833,21.38,82,3,2.46,MG,1707010264
509,kudahuvadhoo,2.6708,72.8944,27.3,79,90,5.29,MV,1707010265
510,cuauhtemoc,28.4167,-106.8667,5.13,42,0,11.2,MX,1707010266
511,turan,16.0678,108.2208,23.99,88,40,1.03,VN,1707010267
512,antsiranana,-12.2787,49.2917,24.71,89,100,0.46,MG,1707010267
513,le vauclin,14.5452,-60.8388,26.06,79,11,1.77,MQ,1707010108
514,fabriano,43.3406,12.9073,8.76,74,20,3.35,IT,1707010147
515,itapirapua,-15.8233,-50.6133,22.42,84,100,1.77,BR,1707010269
516,salalah,17.0151,54.0924,24.05,31,0,5.66,OM,1707010270
517,mount pearl,47.5166,-52.7813,-1.14,91,100,7.72,CA,1707010271
518,beira,-19.8436,34.8389,22.89,90,11,2.5,MZ,1707010271
519,barentu,15.1139,37.5928,16.33,57,12,1.47,ER,1707010272
520,bandon,51.7469,-8.7425,11.77,96,100,6.9,IE,1707010272
521,chui,-33.6971,-53.4616,22.56,83,25,2.69,UY,1707010273
522,yarmouth,41.7057,-70.2286,1.65,58,20,12.07,US,1707010274
523,simdega,22.6167,84.5167,17.04,39,0,0.84,IN,1707010275
524,roma,43.2128,-75.4557,-0.27,79,100,2.57,US,1707010276
525,luwuk,-0.9516,122.7875,30.82,67,61,1.21,ID,1707010276
526,yuxia,34.0615,108.6291,-2.66,86,97,1.73,CN,1707010277
527,krasnomayskiy,57.6194,34.4099,0.09,98,100,5.32,RU,1707010278
528,selkirk,50.1436,-96.8845,1.2,97,42,2.73,CA,1707010278
529,areka,7.0667,37.7,17.75,72,89,2.25,ET,1707010279
530,binji,13.2228,4.9096,19.02,14,6,7.12,NG,1707010280
531,ylitornio,66.3089,23.6773,-4.24,97,100,2.47,FI,1707010281
532,valparaiso,-33.0393,-71.6273,18.8,82,0,5.66,CL,1707010284
533,katsuren-haebaru,26.3369,127.8719,24.43,79,75,2.57,JP,1707010284
534,zurrieq,35.8311,14.4742,10.73,76,0,3.6,MT,1707010285
535,bereeda,11.8704,51.0579,23.9,80,57,2.89,SO,1707010286
536,kotido,2.9806,34.1331,23.0,54,65,3.71,UG,1707010287
537,primero de mayo,-32.2552,-58.4228,30.31,48,1,2.22,AR,1707010288
538,at taj,24.2049,23.2857,7.08,53,0,3.22,LY,1707010289
539,depok,-6.4,106.8186,29.55,77,40,2.57,ID,1707010290
540,santanyi,39.3546,3.1291,10.07,83,10,3.41,ES,1707010291
541,nishinoomote,30.7333,131.0,15.31,100,75,3.6,JP,1707010291
542,hailey,43.5196,-114.3153,0.5,80,100,5.14,US,1707010114
543,calabozo,8.9242,-67.4293,30.49,49,67,1.74,VE,1707010293
544,lashio,22.9333,97.75,14.54,54,0,0.63,MM,1707010294
545,hadibu,12.65,54.0333,24.02,78,47,4.26,YE,1707010164
546,mahanoro,-19.9,48.8,24.2,82,95,1.44,MG,1707010295
547,gamba,-2.65,10.0,25.43,86,100,1.05,GA,1707010296
548,sarmiento,-45.5882,-69.07,17.81,25,66,0.95,AR,1707010297
549,kitimat,54.0524,-128.6534,-0.05,85,72,1.34,CA,1707010297
550,fort bragg,35.139,-79.006,5.75,80,0,0.0,US,1707010298
551,luebo,-5.35,21.4167,21.3,85,97,0.33,CD,1707010298
552,conceicao da barra,-18.5933,-39.7322,23.8,92,57,1.86,BR,1707010299
553,isangel,-19.55,169.2667,33.06,66,75,2.06,VU,1707010300
554,balabac,7.9868,117.0645,27.94,75,100,5.36,PH,1707010300
555,arar,30.9753,41.0381,7.01,76,0,2.06,SA,1707010301
556,constitucion,-35.3333,-72.4167,16.13,74,0,6.56,CL,1707010118
557,chonchi,-42.6128,-73.8092,13.56,78,46,0.48,CL,1707010302
558,novaya mayna,54.15,49.75,-13.91,98,100,2.22,RU,1707010302
559,el granada,37.5027,-122.4694,12.94,81,100,7.2,US,1707010303
560,san gabriel,34.0961,-118.1058,14.32,64,100,3.09,US,1707010126
561,seydi,39.4816,62.9137,-0.14,54,7,1.81,TM,1707010304
562,ambon,-3.6954,128.1814,33.08,62,20,4.12,ID,1707010305
563,la manga del mar menor,37.6413,-0.7165,11.9,93,40,2.06,ES,1707010306
564,waingapu,-9.6567,120.2641,30.82,68,34,3.23,ID,1707010307
565,ust'-kulom,61.6864,53.6902,-11.95,94,100,3.17,RU,1707010308
566,china,25.7,-99.2333,21.1,33,0,4.51,MX,1707010309
567,ennis,52.8436,-8.9864,9.96,93,75,3.6,IE,1707010309
568,banda aceh,5.5577,95.3222,27.37,74,43,2.39,ID,1707010310
569,port angeles,48.1181,-123.4307,8.34,81,0,1.54,US,1707010305
570,sarikamis,40.3381,42.5731,-14.7,98,99,1.63,TR,1707010311
